validation_run,model,train_error,validation_error
5.0,RandomForest,6.570724770425667e-11,4.667143226324819e-09
6.0,RandomForest,5.750009330637424e-11,3.472541785094054e-09
6.5,RandomForest,6.914933495675374e-11,1.3874144119405196e-08
7.0,RandomForest,5.302324946605354e-11,2.321277445467505e-09
7.5,RandomForest,4.5229506997236953e-11,3.727424274586347e-09
8.0,RandomForest,5.575844412829165e-11,7.167688190052127e-09
9.0,RandomForest,4.959597662177259e-11,7.339935618604417e-09
